<?xml version="1.0" encoding="UTF-8"?>
<GenRun Id="impl_1" LaunchPart="xc7z010clg400-1" LaunchTime="1671247021">
  <File Type="ROUTE-PWR" Name="PCregister_power_routed.rpt"/>
  <File Type="PA-TCL" Name="PCregister.tcl"/>
  <File Type="BITSTR-MMI" Name="PCregister.mmi"/>
  <File Type="OPT-METHODOLOGY-DRC" Name="PCregister_methodology_drc_opted.rpt"/>
  <File Type="INIT-TIMING" Name="PCregister_timing_summary_init.rpt"/>
  <File Type="ROUTE-PWR-SUM" Name="PCregister_power_summary_routed.pb"/>
  <File Type="REPORTS-TCL" Name="PCregister_reports.tcl"/>
  <File Type="OPT-TIMING" Name="PCregister_timing_summary_opted.rpt"/>
  <File Type="OPT-DCP" Name="PCregister_opt.dcp"/>
  <File Type="OPT-DRC" Name="PCregister_drc_opted.rpt"/>
  <File Type="OPT-HWDEF" Name="PCregister.hwdef"/>
  <File Type="PWROPT-DCP" Name="PCregister_pwropt.dcp"/>
  <File Type="PWROPT-DRC" Name="PCregister_drc_pwropted.rpt"/>
  <File Type="PWROPT-TIMING" Name="PCregister_timing_summary_pwropted.rpt"/>
  <File Type="PLACE-DCP" Name="PCregister_placed.dcp"/>
  <File Type="PLACE-IO" Name="PCregister_io_placed.rpt"/>
  <File Type="PLACE-CLK" Name="PCregister_clock_utilization_placed.rpt"/>
  <File Type="PLACE-UTIL" Name="PCregister_utilization_placed.rpt"/>
  <File Type="PLACE-UTIL-PB" Name="PCregister_utilization_placed.pb"/>
  <File Type="PLACE-CTRL" Name="PCregister_control_sets_placed.rpt"/>
  <File Type="PLACE-SIMILARITY" Name="PCregister_incremental_reuse_placed.rpt"/>
  <File Type="PLACE-PRE-SIMILARITY" Name="PCregister_incremental_reuse_pre_placed.rpt"/>
  <File Type="BG-BIN" Name="PCregister.bin"/>
  <File Type="PLACE-TIMING" Name="PCregister_timing_summary_placed.rpt"/>
  <File Type="POSTPLACE-PWROPT-DCP" Name="PCregister_postplace_pwropt.dcp"/>
  <File Type="BITSTR-MSK" Name="PCregister.msk"/>
  <File Type="POSTPLACE-PWROPT-TIMING" Name="PCregister_timing_summary_postplace_pwropted.rpt"/>
  <File Type="PHYSOPT-DCP" Name="PCregister_physopt.dcp"/>
  <File Type="PHYSOPT-DRC" Name="PCregister_drc_physopted.rpt"/>
  <File Type="BITSTR-RBT" Name="PCregister.rbt"/>
  <File Type="PHYSOPT-TIMING" Name="PCregister_timing_summary_physopted.rpt"/>
  <File Type="ROUTE-ERROR-DCP" Name="PCregister_routed_error.dcp"/>
  <File Type="ROUTE-DCP" Name="PCregister_routed.dcp"/>
  <File Type="ROUTE-BLACKBOX-DCP" Name="PCregister_routed_bb.dcp"/>
  <File Type="ROUTE-DRC" Name="PCregister_drc_routed.rpt"/>
  <File Type="ROUTE-DRC-PB" Name="PCregister_drc_routed.pb"/>
  <File Type="ROUTE-DRC-RPX" Name="PCregister_drc_routed.rpx"/>
  <File Type="ROUTE-METHODOLOGY-DRC" Name="PCregister_methodology_drc_routed.rpt"/>
  <File Type="ROUTE-METHODOLOGY-DRC-RPX" Name="PCregister_methodology_drc_routed.rpx"/>
  <File Type="ROUTE-METHODOLOGY-DRC-PB" Name="PCregister_methodology_drc_routed.pb"/>
  <File Type="ROUTE-PWR-RPX" Name="PCregister_power_routed.rpx"/>
  <File Type="ROUTE-STATUS" Name="PCregister_route_status.rpt"/>
  <File Type="ROUTE-STATUS-PB" Name="PCregister_route_status.pb"/>
  <File Type="ROUTE-TIMINGSUMMARY" Name="PCregister_timing_summary_routed.rpt"/>
  <File Type="ROUTE-TIMING-PB" Name="PCregister_timing_summary_routed.pb"/>
  <File Type="ROUTE-TIMING-RPX" Name="PCregister_timing_summary_routed.rpx"/>
  <File Type="ROUTE-SIMILARITY" Name="PCregister_incremental_reuse_routed.rpt"/>
  <File Type="ROUTE-CLK" Name="PCregister_clock_utilization_routed.rpt"/>
  <File Type="ROUTE-BUS-SKEW" Name="PCregister_bus_skew_routed.rpt"/>
  <File Type="ROUTE-BUS-SKEW-PB" Name="PCregister_bus_skew_routed.pb"/>
  <File Type="ROUTE-BUS-SKEW-RPX" Name="PCregister_bus_skew_routed.rpx"/>
  <File Type="POSTROUTE-PHYSOPT-DCP" Name="PCregister_postroute_physopt.dcp"/>
  <File Type="POSTROUTE-PHYSOPT-BLACKBOX-DCP" Name="PCregister_postroute_physopt_bb.dcp"/>
  <File Type="POSTROUTE-PHYSOPT-TIMING" Name="PCregister_timing_summary_postroute_physopted.rpt"/>
  <File Type="POSTROUTE-PHYSOPT-TIMING-PB" Name="PCregister_timing_summary_postroute_physopted.pb"/>
  <File Type="POSTROUTE-PHYSOPT-TIMING-RPX" Name="PCregister_timing_summary_postroute_physopted.rpx"/>
  <File Type="POSTROUTE-PHYSOPT-BUS-SKEW" Name="PCregister_bus_skew_postroute_physopted.rpt"/>
  <File Type="BG-BIT" Name="PCregister.bit"/>
  <File Type="POSTROUTE-PHYSOPT-BUS-SKEW-PB" Name="PCregister_bus_skew_postroute_physopted.pb"/>
  <File Type="POSTROUTE-PHYSOPT-BUS-SKEW-RPX" Name="PCregister_bus_skew_postroute_physopted.rpx"/>
  <File Type="BITSTR-NKY" Name="PCregister.nky"/>
  <File Type="BITSTR-BMM" Name="PCregister_bd.bmm"/>
  <File Type="PDI-FILE" Name="PCregister.pdi"/>
  <File Type="RCFI_FILE" Name="PCregister.rcfi"/>
  <File Type="CFI_FILE" Name="PCregister.cfi"/>
  <File Type="RNPI_FILE" Name="PCregister.rnpi"/>
  <File Type="NPI_FILE" Name="PCregister.npi"/>
  <File Type="RBD_FILE" Name="PCregister.rbd"/>
  <File Type="BITSTR-LTX" Name="debug_nets.ltx"/>
  <File Type="BITSTR-LTX" Name="PCregister.ltx"/>
  <File Type="BITSTR-SYSDEF" Name="PCregister.sysdef"/>
  <File Type="BG-BGN" Name="PCregister.bgn"/>
  <File Type="BG-DRC" Name="PCregister.drc"/>
  <File Type="RDI-RDI" Name="PCregister.vdi"/>
  <File Type="WBT-USG" Name="usage_statistics_webtalk.html"/>
  <File Type="ROUTE-RQS" Name="PCregister_routed.rqs"/>
  <File Type="POSTROUTE-PHYSOPT-RQS" Name="PCregister_postroute_physopted.rqs"/>
  <File Type="ROUTE-RQS-RPT" Name="route_report_qor_suggestions_0.rpt"/>
  <File Type="POSTROUTE-PHYSOPT-RQS-RPT" Name="postroute_physopt_report_qor_suggestions_0.rpt"/>
  <FileSet Name="sources" Type="DesignSrcs" RelSrcDir="$PSRCDIR/sources_1" RelGenDir="$PGENDIR/sources_1">
    <Filter Type="Srcs"/>
    <File Path="$PSRCDIR/sources_1/new/Lab3DesignSources.v">
      <FileInfo>
        <Attr Name="ImportPath" Val="$PPRDIR/../Lab_3/Lab_3.srcs/sources_1/new/Lab3DesignSources.v"/>
        <Attr Name="ImportTime" Val="1604764022"/>
        <Attr Name="UsedIn" Val="synthesis"/>
        <Attr Name="UsedIn" Val="implementation"/>
        <Attr Name="UsedIn" Val="simulation"/>
      </FileInfo>
    </File>
    <Config>
      <Option Name="DesignMode" Val="RTL"/>
      <Option Name="TopModule" Val="PCregister"/>
      <Option Name="TopAutoSet" Val="TRUE"/>
    </Config>
  </FileSet>
  <FileSet Name="constrs_in" Type="Constrs" RelSrcDir="$PSRCDIR/constrs_1">
    <Filter Type="Constrs"/>
    <Config>
      <Option Name="ConstrsType" Val="XDC"/>
    </Config>
  </FileSet>
  <FileSet Name="utils" Type="Utils" RelSrcDir="$PSRCDIR/utils_1">
    <Filter Type="Utils"/>
    <Config>
      <Option Name="TopAutoSet" Val="TRUE"/>
    </Config>
  </FileSet>
  <Strategy Version="1" Minor="2">
    <StratHandle Name="Vivado Implementation Defaults" Flow="Vivado Implementation 2020"/>
    <Step Id="init_design"/>
    <Step Id="opt_design"/>
    <Step Id="power_opt_design"/>
    <Step Id="place_design"/>
    <Step Id="post_place_power_opt_design"/>
    <Step Id="phys_opt_design"/>
    <Step Id="route_design"/>
    <Step Id="post_route_phys_opt_design"/>
    <Step Id="write_bitstream"/>
  </Strategy>
</GenRun>
