<?xml version="1.0" encoding="UTF-8"?>
<GenRun Id="synth_1" LaunchPart="xc7z010clg400-1" LaunchTime="1671247021">
  <File Type="PA-TCL" Name="PCregister.tcl"/>
  <File Type="RDS-PROPCONSTRS" Name="PCregister_drc_synth.rpt"/>
  <File Type="REPORTS-TCL" Name="PCregister_reports.tcl"/>
  <File Type="RDS-RDS" Name="PCregister.vds"/>
  <File Type="RDS-UTIL" Name="PCregister_utilization_synth.rpt"/>
  <File Type="RDS-UTIL-PB" Name="PCregister_utilization_synth.pb"/>
  <File Type="RDS-DCP" Name="PCregister.dcp"/>
  <File Type="VDS-TIMINGSUMMARY" Name="PCregister_timing_summary_synth.rpt"/>
  <File Type="VDS-TIMING-PB" Name="PCregister_timing_summary_synth.pb"/>
  <FileSet Name="sources" Type="DesignSrcs" RelSrcDir="$PSRCDIR/sources_1" RelGenDir="$PGENDIR/sources_1">
    <Filter Type="Srcs"/>
    <File Path="$PSRCDIR/sources_1/new/Lab3DesignSources.v">
      <FileInfo>
        <Attr Name="ImportPath" Val="$PPRDIR/../Lab_3/Lab_3.srcs/sources_1/new/Lab3DesignSources.v"/>
        <Attr Name="ImportTime" Val="1604764022"/>
        <Attr Name="UsedIn" Val="synthesis"/>
        <Attr Name="UsedIn" Val="implementation"/>
        <Attr Name="UsedIn" Val="simulation"/>
      </FileInfo>
    </File>
    <Config>
      <Option Name="DesignMode" Val="RTL"/>
      <Option Name="TopModule" Val="PCregister"/>
      <Option Name="TopAutoSet" Val="TRUE"/>
    </Config>
  </FileSet>
  <FileSet Name="constrs_in" Type="Constrs" RelSrcDir="$PSRCDIR/constrs_1">
    <Filter Type="Constrs"/>
    <Config>
      <Option Name="ConstrsType" Val="XDC"/>
    </Config>
  </FileSet>
  <FileSet Name="utils" Type="Utils" RelSrcDir="$PSRCDIR/utils_1">
    <Filter Type="Utils"/>
    <Config>
      <Option Name="TopAutoSet" Val="TRUE"/>
    </Config>
  </FileSet>
  <Strategy Version="1" Minor="2">
    <StratHandle Name="Vivado Synthesis Defaults" Flow="Vivado Synthesis 2020"/>
    <Step Id="synth_design"/>
  </Strategy>
</GenRun>
